2.518793099554545237e-02	6.751120583723951851e-01	3.741701956577025355e-09	8.313145088495920154e-01
2.518818283584828982e-02	6.751101112599466880e-01	3.741954838937187415e-09	8.313118991485575204e-01
2.518791732752555246e-02	6.751121601931469041e-01	3.741688830844471262e-09	8.313146436768443781e-01
2.518787600074318817e-02	6.751124831328414455e-01	3.741646821608351887e-09	8.313150771123398730e-01
2.518816732917423043e-02	6.751102325293014683e-01	3.741939061628142035e-09	8.313120625153357368e-01
2.518820336227549014e-02	6.751099517905950753e-01	3.741975470287544339e-09	8.313116871640729988e-01
2.518787797928503241e-02	6.751124593079250724e-01	3.741650067260399628e-09	8.313150427563426037e-01
2.518788384518870840e-02	6.751124311734886252e-01	3.741653447565408998e-09	8.313150105461049044e-01
2.518795289662150924e-02	6.751118849838920744e-01	3.741724696995830178e-09	8.313142718299226797e-01
2.518791362965697861e-02	6.751121704093737685e-01	3.741687914909807584e-09	8.313146486549053416e-01
2.518792536708570895e-02	6.751120931647053292e-01	3.741697717889226766e-09	8.313145496124875189e-01
2.518793967158369784e-02	6.751120001007634430e-01	3.741709408089963405e-09	8.313144335141263719e-01
2.518793538073274899e-02	6.751120195433329974e-01	3.741707116448570649e-09	8.313144548673476741e-01
2.518791329458751685e-02	6.751121892297237137e-01	3.741685097702765811e-09	8.313146820984856911e-01
2.518791163784537754e-02	6.751122056465036492e-01	3.741683009740574049e-09	8.313147023686423553e-01
2.518789681252198154e-02	6.751123142859914994e-01	3.741668942089457605e-09	8.313148469308921928e-01
2.518790982064042852e-02	6.751122144488032051e-01	3.741681781969006168e-09	8.313147165962549989e-01
2.518792131295384193e-02	6.751121268853452762e-01	3.741693199070037561e-09	8.313145977881328808e-01
2.518819526175558599e-02	6.751100237891459743e-01	3.741965978916978146e-09	8.313117866569791348e-01
2.518789163845358905e-02	6.751123577839776013e-01	3.741663226419781361e-09	8.313149065793911108e-01
2.518819566858077411e-02	6.751100231925585282e-01	3.741966037475039238e-09	8.313117857475014194e-01
2.518795214001211258e-02	6.751118977175384339e-01	3.741722808991580482e-09	8.313142949951097815e-01
2.518794893068453805e-02	6.751119199395539949e-01	3.741719973137563324e-09	8.313143227536093915e-01
2.518793972678754628e-02	6.751119896899656636e-01	3.741710949944867781e-09	8.313144156627513270e-01
2.518819098577455839e-02	6.751100484454476414e-01	3.741962927161467477e-09	8.313118166243660401e-01
2.518816993934548318e-02	6.751102106449977658e-01	3.741941898729065310e-09	8.313120336524718601e-01
2.518794986328069460e-02	6.751119124175435360e-01	3.741720905938819367e-09	8.313143139281744531e-01
2.518789152008317836e-02	6.751123459084629186e-01	3.741664986226308347e-09	8.313148868238712241e-01
2.518794097309623448e-02	6.751119709828505844e-01	3.741713534873654393e-09	8.313143873084387625e-01
2.518790637167749730e-02	6.751122396337247977e-01	3.741678638683645441e-09	8.313147472550008743e-01
2.518791253154187629e-02	6.751121972249538583e-01	3.741684045213656590e-09	8.313146927242811568e-01
2.518790380328863807e-02	6.751122633618054092e-01	3.741675432292923936e-09	8.313147822096803585e-01
2.518791107055369516e-02	6.751122148658316169e-01	3.741681600764864900e-09	8.313147194252179517e-01
2.518822004367866560e-02	6.751098304222539204e-01	3.741991089794836373e-09	8.313115275282317862e-01
2.518820613574334136e-02	6.751099301739629244e-01	3.741978288049035350e-09	8.313116578287733649e-01
2.518790117207338197e-02	6.751122879564889212e-01	3.741672217632555247e-09	8.313148150955328441e-01
2.518822499891073749e-02	6.751097847905156435e-01	3.741997213289808430e-09	8.313114620578615499e-01
2.518818238060375678e-02	6.751101102970435974e-01	3.741954992466991303e-09	8.313118974865628674e-01
2.518790871148662500e-02	6.751122256370776231e-01	3.741680400402829070e-09	8.313147300213107327e-01
2.518820313735239957e-02	6.751099490263396952e-01	3.741975879668219290e-09	8.313116827592070823e-01
2.518793704566755012e-02	6.751120095335116922e-01	3.741708370872222948e-09	8.313144426428372702e-01
2.518820680146511767e-02	6.751099330541756594e-01	3.741977844786283157e-09	8.313116625727425824e-01
2.518790382853804827e-02	6.751122770739285128e-01	3.741673413131005649e-09	8.313148060144973650e-01
2.518791375610545183e-02	6.751121857032069684e-01	3.741685537159621956e-09	8.313146781567186672e-01
2.518795170755483079e-02	6.751118934665424343e-01	3.741723517270771072e-09	8.313142851001823486e-01
2.518793801590543668e-02	6.751120026460691870e-01	3.741709328013759861e-09	8.313144318712190062e-01
2.518793443745737451e-02	6.751120164634136778e-01	3.741707740107626289e-09	8.313144456681915706e-01
2.518795017392995439e-02	6.751119053144316595e-01	3.741721913799003368e-09	8.313143028615392893e-01
2.518790108278453135e-02	6.751122776236441192e-01	3.741673750746114349e-09	8.313147976783155091e-01
2.518790413626314714e-02	6.751122613848844489e-01	3.741675647398593598e-09	8.313147799904884172e-01
2.518820119221326301e-02	6.751099671943991964e-01	3.741973575657266916e-09	8.313117047390160552e-01
2.518795494589877795e-02	6.751118748367676003e-01	3.741725807605085283e-09	8.313142629414246310e-01
2.518820690795984044e-02	6.751099290303640421e-01	3.741978379678155353e-09	8.313116576777791478e-01
2.518789749244801368e-02	6.751123128388875072e-01	3.741669052947800462e-09	8.313148474364050466e-01
2.518792504891129852e-02	6.751121033607977440e-01	3.741696196601924303e-09	8.313145672391712981e-01
2.518793838311686115e-02	6.751119978149486833e-01	3.741709943140682402e-09	8.313144254478500583e-01
2.518822372613037722e-02	6.751097870070390528e-01	3.741997080676282936e-09	8.313114616618750841e-01
2.518795072977646210e-02	6.751119154930803612e-01	3.741720408782923407e-09	8.313143194032234229e-01
2.518824069442724897e-02	6.751096613384923728e-01	3.742013224936716733e-09	8.313112957312775997e-01
2.518791270705569157e-02	6.751121880104977713e-01	3.741685325366794103e-09	8.313146790461284352e-01
2.518817705185776717e-02	6.751101588195040915e-01	3.741948636393316369e-09	8.313119633737421355e-01
2.518795521358889455e-02	6.751118692433831781e-01	3.741726536675343110e-09	8.313142564236349896e-01
2.518792876525207183e-02	6.751120607643239513e-01	3.741701925433913521e-09	8.313145068543734695e-01
2.518816090257495685e-02	6.751102771994336171e-01	3.741933317204996855e-09	8.313121206504230365e-01
2.518795424331466554e-02	6.751118661857498093e-01	3.741727154104704688e-09	8.313142470263356065e-01
2.518816706075681713e-02	6.751102332357039604e-01	3.741938916461757834e-09	8.313120647117835382e-01
2.518789812105884721e-02	6.751123110644309255e-01	3.741669249130219724e-09	8.313148455041229345e-01
2.518787327268946774e-02	6.751124913944027695e-01	3.741645979672909293e-09	8.313150835711052844e-01
2.518788133732869847e-02	6.751124334571871888e-01	3.741653395364500575e-09	8.313150082295155396e-01
2.518787849378518670e-02	6.751124590989923124e-01	3.741650050011813601e-09	8.313150432387783617e-01
2.518816068317460133e-02	6.751102748541056853e-01	3.741933712848721424e-09	8.313121162980390277e-01
2.518789209309105562e-02	6.751123536181244944e-01	3.741663784690827482e-09	8.313149010445871623e-01
2.518790240868918826e-02	6.751122813335320716e-01	3.741673047359175131e-09	8.313148067728595159e-01
2.518789959556739719e-02	6.751122956921762341e-01	3.741671271453261662e-09	8.313148243726068420e-01
2.518819807219743745e-02	6.751099979632312342e-01	3.741969366088352570e-09	8.313117507648875026e-01
2.518790586185419567e-02	6.751122549639062553e-01	3.741676404716317436e-09	8.313147729122318808e-01
2.518824420731356414e-02	6.751096444398237972e-01	3.742015211074866025e-09	8.313112783858708221e-01
2.518818277143689000e-02	6.751101155105511120e-01	3.741954166007305531e-09	8.313119070866449301e-01
2.518822401254389165e-02	6.751097897610239817e-01	3.741996597438837328e-09	8.313114676680684045e-01
3.741701971032274566e-09	8.313145060580834356e-01	2.518792890143875182e-02	6.751120603924186669e-01
3.741965944961730989e-09	8.313117832124348183e-01	2.518819193113057409e-02	6.751100267810961064e-01
3.741975749627732563e-09	8.313116815985585051e-01	2.518820330916766298e-02	6.751099509847124924e-01
3.741948482071982526e-09	8.313119647567496218e-01	2.518817616443743551e-02	6.751101600881032061e-01
2.518788930552937760e-02	6.751123790843632788e-01	3.741660396642311565e-09	8.313149368132792816e-01
3.741959892401656350e-09	8.313118459181950692e-01	2.518818713717204880e-02	6.751100726635236304e-01
3.741976765036177054e-09	8.313116723707854039e-01	2.518820438867250266e-02	6.751099424371479474e-01
2.518816960172298031e-02	6.751102016589485277e-01	3.741943247480889073e-09	8.313120178396775639e-01
2.518817080614359910e-02	6.751102080801966165e-01	3.741942185566706937e-09	8.313120304809888950e-01
2.518791444431786944e-02	6.751121858850501756e-01	3.741685434372160571e-09	8.313146788433329881e-01
2.518816751705050400e-02	6.751102323371295233e-01	3.741938974676082368e-09	8.313120643204264804e-01
2.518816616868355465e-02	6.751102456254534090e-01	3.741937273840039627e-09	8.313120812755212530e-01
2.518820004500597204e-02	6.751099796438962963e-01	3.741971866254358589e-09	8.313117243642753618e-01
2.518817060113871797e-02	6.751102122031933384e-01	3.741941598514283632e-09	8.313120369655141451e-01
2.518787931705795957e-02	6.751124468532290201e-01	3.741651679709461740e-09	8.313150261342450165e-01
2.518821814258455360e-02	6.751098337211313138e-01	3.741990842651667494e-09	8.313115280951839381e-01
2.518790659059296291e-02	6.751122453743508833e-01	3.741677749861614704e-09	8.313147581523215868e-01
2.518787576980582171e-02	6.751124831958358330e-01	3.741646934127615512e-09	8.313150747426363285e-01
2.518816792182607817e-02	6.751102334950910278e-01	3.741938848590703491e-09	8.313120660436491560e-01
2.518794793412283337e-02	6.751119290551370611e-01	3.741718833410817774e-09	8.313143341727610158e-01
2.518792118170502109e-02	6.751121183289018335e-01	3.741694487797755774e-09	8.313145831631030269e-01
2.518823875756989392e-02	6.751096797625716350e-01	3.742010813493903865e-09	8.313113211200241492e-01
2.518788238618038106e-02	6.751124192258282086e-01	3.741655452967685685e-09	8.313149845681800931e-01
3.741954838937187415e-09	8.313118991485575204e-01	2.518818283584828982e-02	6.751101112599466880e-01
3.741722916981286617e-09	8.313142928708596724e-01	2.518795119445208647e-02	6.751118975100831587e-01
3.741708191542229757e-09	8.313144440541697655e-01	2.518793563086124676e-02	6.751120115576400016e-01
3.741726470371069763e-09	8.313142571180496265e-01	2.518795602701361450e-02	6.751118689813156992e-01
2.518790285186333147e-02	6.751122804980649317e-01	3.741673094305757857e-09	8.313148069810373242e-01
3.741984406183424570e-09	8.313115954967901233e-01	2.518821274206472366e-02	6.751098823235125446e-01
2.518793132953178054e-02	6.751120562759787003e-01	3.741702351342678679e-09	8.313145041385968659e-01
2.518793950499211703e-02	6.751119793956825710e-01	3.741712471405611821e-09	8.313143975900578742e-01
2.518791162353540766e-02	6.751122043272422824e-01	3.741683049804411891e-09	8.313147045370730126e-01
2.518790219531765948e-02	6.751122684275724373e-01	3.741674955052030707e-09	8.313147849141606649e-01
2.518792859171714582e-02	6.751120616644362693e-01	3.741701794421063576e-09	8.313145090056259789e-01
2.518795644079482171e-02	6.751118624348825259e-01	3.741727438933385169e-09	8.313142461036640007e-01
2.518791892464537774e-02	6.751121716976267173e-01	3.741686908194683915e-09	8.313146671118044617e-01
2.518792516203225904e-02	6.751121039278431546e-01	3.741696027191287457e-09	8.313145708187281713e-01
2.518788443170820457e-02	6.751124173429368103e-01	3.741655394549795311e-09	8.313149884710963056e-01
2.518816416747640327e-02	6.751102608120687076e-01	3.741935282594614191e-09	8.313121025248227935e-01
2.518816463313921714e-02	6.751102547124653297e-01	3.741936066075956579e-09	8.313120945863962108e-01
2.518789066518212910e-02	6.751123759892541099e-01	3.741660692796811031e-09	8.313149343056550622e-01
2.518789890772875698e-02	6.751123038478187288e-01	3.741670094130595616e-09	8.313148383245613227e-01
2.518792712770103609e-02	6.751120850941297880e-01	3.741698625525870138e-09	8.313145419918828161e-01
2.518817691389200683e-02	6.751101650533515297e-01	3.741947713622441680e-09	8.313119742391460454e-01
3.741688660940761152e-09	8.313146436898798397e-01	2.518791632053671639e-02	6.751121629688509040e-01
3.741978058440567654e-09	8.313116610807592677e-01	2.518820686919167814e-02	6.751099311788643087e-01
3.741701925433913521e-09	8.313145068543734695e-01	2.518792876525207183e-02	6.751120607643239513e-01
2.518816481732901597e-02	6.751102531047588062e-01	3.741936305068677483e-09	8.313120920660919122e-01
3.741687307492037953e-09	8.313146580529716667e-01	2.518791494581547330e-02	6.751121728662791144e-01
2.518820939051441554e-02	6.751098966350862485e-01	3.741982835996771095e-09	8.313116089028133038e-01
2.518820590985485983e-02	6.751099401125799648e-01	3.741976866504601344e-09	8.313116742965787065e-01
2.518822324261757450e-02	6.751098011867217030e-01	3.741995018770790013e-09	8.313114854662435604e-01
2.518821847661448926e-02	6.751098381651374769e-01	3.741990154297238712e-09	8.313115359587102127e-01
2.518822730035344404e-02	6.751097693808817413e-01	3.741999152313071865e-09	8.313114420855954867e-01
2.518793845224243100e-02	6.751119945559170832e-01	3.741710412363544382e-09	8.313144210714754623e-01
2.518818841549773022e-02	6.751100675103194337e-01	3.741960485497990605e-09	8.313118409544990595e-01
2.518820069633978531e-02	6.751099804279110383e-01	3.741971709215963082e-09	8.313117263205955787e-01
2.518791494864472055e-02	6.751121802513401216e-01	3.741686231426865141e-09	8.313146706893426163e-01
2.518787985536924401e-02	6.751124486972370775e-01	3.741651397825605451e-09	8.313150291173285744e-01
2.518816284609195003e-02	6.751102611344124149e-01	3.741935440894034962e-09	8.313120987394964079e-01
2.518816311347312972e-02	6.751102655875975689e-01	3.741934724441485147e-09	8.313121077766624234e-01
2.518788936179014101e-02	6.751123741887720131e-01	3.741661025862516525e-09	8.313149308294802697e-01
2.518791907077866724e-02	6.751121493593352785e-01	3.741690081012814496e-09	8.313146328093755644e-01
2.518793531720046192e-02	6.751120223786961638e-01	3.741706679797617848e-09	8.313144604004000238e-01
2.518795269178217625e-02	6.751118927967360017e-01	3.741723420835479420e-09	8.313142879601483903e-01
3.741646819430732750e-09	8.313150777959055215e-01	2.518787669005358165e-02	6.751124826511203381e-01
3.741719874479450423e-09	8.313143210775366665e-01	2.518794698682744887e-02	6.751119225240873600e-01
3.741673850926543152e-09	8.313147985333867451e-01	2.518790242920114497e-02	6.751122754366049028e-01
3.741933409676414196e-09	8.313121199138335804e-01	2.518816088738105169e-02	6.751102766789973675e-01
2.518820580810399168e-02	6.751099417445862727e-01	3.741976639585699829e-09	8.313116764143706483e-01
2.518816405047574758e-02	6.751102535571428254e-01	3.741936451102509448e-09	8.313120883797846528e-01
2.518820035170746610e-02	6.751099671363064436e-01	3.741973648972062217e-09	8.313117045322355736e-01
2.518820080326950733e-02	6.751099813673259176e-01	3.741971432283231091e-09	8.313117305576189775e-01
2.518792008148784331e-02	6.751121403639394059e-01	3.741691368130359471e-09	8.313146179302776106e-01
2.518790513447771717e-02	6.751122436210856836e-01	3.741678262482672130e-09	8.313147491077700346e-01
2.518817686107982859e-02	6.751101596956166073e-01	3.741948495431852700e-09	8.313119656540309821e-01
2.518789791646966481e-02	6.751123146444883982e-01	3.741668667512573222e-09	8.313148524652004268e-01
2.518793328549803756e-02	6.751120355893681646e-01	3.741705070847346921e-09	8.313144752221659495e-01
2.518788828677265279e-02	6.751123861997988529e-01	3.741659431940980782e-09	8.313149481171131505e-01
2.518816468312380652e-02	6.751102581146589676e-01	3.741935692448385167e-09	8.313120973646261902e-01
2.518816692643584612e-02	6.751102413505702948e-01	3.741937784038141109e-09	8.313120768482229472e-01
2.518790257089985329e-02	6.751122703512468792e-01	3.741674635285633359e-09	8.313147884152179978e-01
2.518789670962984575e-02	6.751123180886542396e-01	3.741668372668322882e-09	8.313148546573243536e-01
2.518793639865229625e-02	6.751120102507053300e-01	3.741708383357703658e-09	8.313144413139387234e-01
2.518788154147264674e-02	6.751124383880870994e-01	3.741652719836153220e-09	8.313150158743208840e-01
3.741938858284591081e-09	8.313120628520158650e-01	2.518816552297039810e-02	6.751102353349233143e-01
3.741711366563209310e-09	8.313144107159233798e-01	2.518793977206167795e-02	6.751119870082600283e-01
3.741685177895755676e-09	8.313146796656299964e-01	2.518791245590880704e-02	6.751121895474456736e-01
3.741727549314630102e-09	8.313142454048394470e-01	2.518795721934642337e-02	6.751118612307295264e-01
3.741943881102697436e-09	8.313120131582304451e-01	2.518817238712986462e-02	6.751101950467337520e-01
3.741702294816722420e-09	8.313145070555184590e-01	2.518793145452718693e-02	6.751120552628958604e-01
3.741982867913234764e-09	8.313116103431127391e-01	2.518821094770396646e-02	6.751098948408729150e-01
3.741936429763474760e-09	8.313120900098434074e-01	2.518816479744030723e-02	6.751102524364247515e-01
2.518824228906071244e-02	6.751096503079955236e-01	3.742014607966341771e-09	8.313112837683698242e-01
2.518787868323046908e-02	6.751124602098836913e-01	3.741649827701829284e-09	8.313150455967999175e-01
2.518789237543594267e-02	6.751123524524128561e-01	3.741663932369207002e-09	8.313148987550396107e-01
2.518816230356539509e-02	6.751102716360390943e-01	3.741934019813090932e-09	8.313121140563616285e-01
2.518821683887815036e-02	6.751098381282111260e-01	3.741990403063957166e-09	8.313115309127684371e-01
2.518817547229066853e-02	6.751101676138997476e-01	3.741947509179026716e-09	8.313119743959355157e-01
2.518824001651843655e-02	6.751096711534897432e-01	3.742011894281452448e-09	8.313113107671189494e-01
2.518824160816912974e-02	6.751096600918898849e-01	3.742013330269954665e-09	8.313112956751462779e-01
2.518823763714935632e-02	6.751096958069704446e-01	3.742008561867676817e-09	8.313113473051735314e-01
2.518822587643736524e-02	6.751097818014945018e-01	3.741997497850513826e-09	8.313114604066809132e-01
2.518788906148552997e-02	6.751123797642329949e-01	3.741660303805614574e-09	8.313149383135545190e-01
2.518795481923678803e-02	6.751118745829772783e-01	3.741725937131795243e-09	8.313142606744271523e-01
2.518818136736655083e-02	6.751101297216567376e-01	3.741952283581420438e-09	8.313119269997838456e-01
2.518823359700989029e-02	6.751097180858415259e-01	3.742005783483377712e-09	8.313113745559285173e-01
3.741975249616188270e-09	8.313116888562525064e-01	2.518820287466108296e-02	6.751099538096870800e-01
3.741962743423440382e-09	8.313118164685355804e-01	2.518818946935549169e-02	6.751100511498808743e-01
3.741723326535002790e-09	8.313142851292627533e-01	2.518795049949180270e-02	6.751118963162741071e-01
3.741938617196455423e-09	8.313120686209578558e-01	2.518816733393287183e-02	6.751102352708973076e-01
3.741942160074459605e-09	8.313120313369140035e-01	2.518817063060203865e-02	6.751102082928508441e-01
3.741976925882325630e-09	8.313116709496386481e-01	2.518820552368509005e-02	6.751099407921710149e-01
3.741973289141183480e-09	8.313117076988936205e-01	2.518820042465819489e-02	6.751099696388062066e-01
3.741649827701829284e-09	8.313150455967999175e-01	2.518787868323046908e-02	6.751124602098836913e-01
2.518822859212668797e-02	6.751097609958236490e-01	3.742000188820208754e-09	8.313114323217319912e-01
2.518823965021647557e-02	6.751096767903488338e-01	3.742011142913294649e-09	8.313113189415040072e-01
2.518794924440796723e-02	6.751119095873316933e-01	3.741721395855295954e-09	8.313143076512004015e-01
2.518794489062167047e-02	6.751119475918350155e-01	3.741716475451078021e-09	8.313143585412040570e-01
2.518823178544284114e-02	6.751097330264129726e-01	3.742003900857212340e-09	8.313113930848122779e-01
2.518790775444232008e-02	6.751122294277366320e-01	3.741679993377335019e-09	8.313147333651392801e-01
2.518790782541559248e-02	6.751122332259802405e-01	3.741679409252248481e-09	8.313147398806776112e-01
2.518791219663576650e-02	6.751122012044917797e-01	3.741683435615480223e-09	8.313147004213665703e-01
2.518791839771501728e-02	6.751121454995135940e-01	3.741690868302667651e-09	8.313146212618254260e-01
2.518788586412341879e-02	6.751124032086033289e-01	3.741657277612172725e-09	8.313149693600289103e-01
2.518789740337116709e-02	6.751123174891410228e-01	3.741668406954615166e-09	8.313148535629979463e-01
2.518791317096427673e-02	6.751121966596863588e-01	3.741684019348047226e-09	8.313146940937982121e-01
2.518793397135169615e-02	6.751120232738451188e-01	3.741706787519108189e-09	8.313144566877728181e-01
3.741650267349723618e-09	8.313150407070749592e-01	2.518787935470464395e-02	6.751124571692920240e-01
3.741942181310108296e-09	8.313120315728611542e-01	2.518817094778721261e-02	6.751102076893390480e-01
3.741709165020403443e-09	8.313144337812149454e-01	2.518793801773749896e-02	6.751120033548090316e-01
3.741669249130219724e-09	8.313148455041229345e-01	2.518789812105884721e-02	6.751123110644309255e-01
3.741685503971337489e-09	8.313146783390291672e-01	2.518791418266320969e-02	6.751121855923274406e-01
3.741712149248037153e-09	8.313144020773053366e-01	2.518793978864443395e-02	6.751119813240028522e-01
3.741994918164878528e-09	8.313114885429107037e-01	2.518822460659298976e-02	6.751098001803244042e-01
3.742000289864094176e-09	8.313114315598937321e-01	2.518822846591333223e-02	6.751097602769633443e-01
2.518816520274335877e-02	6.751102442391196945e-01	3.741937610582864038e-09	8.313120763979414685e-01
2.518789768206403448e-02	6.751123074058085205e-01	3.741669811249510233e-09	8.313148386941737744e-01
2.518791913144870567e-02	6.751121508092836621e-01	3.741689917546453869e-09	8.313146341195722933e-01
2.518790540805469769e-02	6.751122444143717871e-01	3.741678034509585999e-09	8.313147534897626922e-01
2.518794602134259014e-02	6.751119391502908851e-01	3.741717590505624072e-09	8.313143457221859878e-01
2.518821302172487286e-02	6.751098817876916014e-01	3.741984553363993562e-09	8.313115931444672313e-01
2.518822472380599295e-02	6.751097857660628421e-01	3.741997045031552465e-09	8.313114639229525205e-01
2.518787745621937219e-02	6.751124687593251794e-01	3.741648783088093262e-09	8.313150558426920522e-01
2.518788512709804403e-02	6.751124107169537147e-01	3.741656356616161278e-09	8.313149782943289878e-01
2.518788712139604508e-02	6.751123954203294142e-01	3.741658213271457726e-09	8.313149601739967531e-01
2.518790630027971725e-02	6.751122394383129999e-01	3.741678642838287453e-09	8.313147477165743204e-01
2.518794115415269250e-02	6.751119747677164495e-01	3.741712962410282553e-09	8.313143940949626609e-01
2.518795047602261777e-02	6.751119070847997339e-01	3.741721642189794869e-09	8.313143061011214474e-01
3.741653176764645471e-09	8.313150101210382559e-01	2.518788092449357127e-02	6.751124356434957674e-01
3.741720637129772751e-09	8.313143147289168144e-01	2.518794832368900435e-02	6.751119157297690299e-01
3.741707740107626289e-09	8.313144456681915706e-01	2.518793443745737451e-02	6.751120164634136778e-01
3.741938953884138319e-09	8.313120652938335020e-01	2.518816877956948572e-02	6.751102318251975820e-01
3.741682817397128134e-09	8.313147048963529517e-01	2.518791024581235743e-02	6.751122071267973146e-01
3.741990212127994633e-09	8.313115356307038128e-01	2.518821904048068952e-02	6.751098377191472322e-01
3.741971180334468762e-09	8.313117328320249744e-01	2.518819952158908235e-02	6.751099841114786004e-01
3.741974783901113065e-09	8.313116952570147600e-01	2.518820317260566863e-02	6.751099565180419537e-01
2.518822881644058875e-02	6.751097556220750917e-01	3.742000921678678336e-09	8.313114241856952580e-01
2.518790903502318018e-02	6.751122194252793252e-01	3.741681326160872154e-09	8.313147182308225913e-01
2.518793425856494586e-02	6.751120361560479788e-01	3.741704828107047029e-09	8.313144794323077402e-01
2.518819513991567977e-02	6.751100107926085725e-01	3.741967913102084512e-09	8.313117644790504190e-01
2.518788048602131277e-02	6.751124470315883475e-01	3.741651510558003741e-09	8.313150294107161109e-01
2.518816946500603005e-02	6.751102085032959499e-01	3.741942250436878231e-09	8.313120292538989098e-01
2.518818706906772800e-02	6.751100837336978522e-01	3.741958357249613198e-09	8.313118628310633973e-01
2.518820768149997169e-02	6.751099219068092960e-01	3.741979351455843396e-09	8.313116465054569693e-01
2.518794697901035815e-02	6.751119310677341501e-01	3.741718659311366356e-09	8.313143349457819964e-01
2.518820851148157597e-02	6.751099172872437881e-01	3.741979838401285745e-09	8.313116433348157752e-01
2.518788384204006386e-02	6.751124122498738389e-01	3.741656175850732619e-09	8.313149800476387075e-01
2.518820426693762354e-02	6.751099481430392624e-01	3.741976002101867905e-09	8.313116801977998849e-01
3.741724565935031881e-09	8.313142746373148873e-01	2.518795283112344741e-02	6.751118849259293286e-01
3.741665436364880268e-09	8.313148857520733515e-01	2.518789441505430576e-02	6.751123399117547885e-01
3.741721913043493820e-09	8.313143002432529238e-01	2.518794945116410375e-02	6.751119070686673052e-01
3.741645992055907288e-09	8.313150824015710372e-01	2.518787291502716172e-02	6.751124918377983120e-01
3.741937273840039627e-09	8.313120812755212530e-01	2.518816616868355465e-02	6.751102456254534090e-01
3.741675045703003018e-09	8.313147880440726611e-01	2.518790550404071543e-02	6.751122647978899938e-01
3.741999152313071865e-09	8.313114420855954867e-01	2.518822730035344404e-02	6.751097693808817413e-01
3.741691518234317097e-09	8.313146162704145858e-01	2.518792111896652614e-02	6.751121388659646616e-01
3.741664379660252678e-09	8.313148956911344811e-01	2.518789320787256231e-02	6.751123487719558058e-01
3.742010789688568142e-09	8.313113184461154992e-01	2.518823651740350125e-02	6.751096824221864967e-01
3.741669465819386875e-09	8.313148404732181307e-01	2.518789691881330103e-02	6.751123107223697684e-01
3.742001015091940066e-09	8.313114210026584239e-01	2.518822800835805731e-02	6.751097564559680464e-01
2.518824164733350635e-02	6.751096943583430043e-01	3.742008202928463212e-09	8.313113555568149016e-01
2.518795330418325054e-02	6.751118855991445900e-01	3.741724462825445687e-09	8.313142763842603644e-01
2.518820004651343980e-02	6.751099828523505764e-01	3.741971449756817689e-09	8.313117284081901204e-01
3.741974753563168085e-09	8.313116929528260313e-01	2.518820172393234844e-02	6.751099582537416488e-01
2.518821401871627549e-02	6.751098652299507563e-01	3.741986881267485521e-09	8.313115669178388067e-01
2.518821010494229351e-02	6.751098948460756421e-01	3.741982997176103887e-09	8.313116076354390982e-01
2.518820235402611726e-02	6.751099621583941390e-01	3.741974133002340590e-09	8.313117009831579862e-01
2.518818989114662843e-02	6.751100594961872980e-01	3.741961498656430211e-09	8.313118314453369351e-01
2.518790112412885515e-02	6.751122804111393538e-01	3.741673400800362396e-09	8.313148004419630421e-01
2.518818537731881690e-02	6.751100947377449701e-01	3.741956893629172397e-09	8.313118791101890004e-01
2.518791787926404069e-02	6.751121586087628357e-01	3.741689024708711067e-09	8.313146417577217395e-01
2.518818388683263104e-02	6.751101013462649236e-01	3.741956158935484340e-09	8.313118847455657212e-01
3.741687881729204317e-09	8.313146510128409661e-01	2.518791530606888721e-02	6.751121692498550653e-01
3.741713529671013422e-09	8.313143878127562392e-01	2.518794128635860538e-02	6.751119706482059390e-01
3.741673983001176194e-09	8.313147978915449432e-01	2.518790313678508433e-02	6.751122736492194409e-01
3.741653019994951313e-09	8.313150108710147812e-01	2.518788080693681181e-02	6.751124372423594755e-01
3.741971977313248905e-09	8.313117229192167335e-01	2.518820012214912502e-02	6.751099789359114034e-01
3.741701993797757405e-09	8.313145101829051420e-01	2.518793134279169454e-02	6.751120574349113168e-01
3.741710166201765742e-09	8.313144233607208111e-01	2.518793864738595040e-02	6.751119960461732239e-01
3.741678262482672130e-09	8.313147491077700346e-01	2.518790513447771717e-02	6.751122436210856836e-01
3.741933950752011546e-09	8.313121157288358987e-01	2.518816247357732324e-02	6.751102714551826534e-01
3.741721117378288070e-09	8.313143116503474150e-01	2.518794991684724510e-02	6.751119111802054151e-01
3.741689558898302787e-09	8.313146366209904770e-01	2.518791787169961244e-02	6.751121546304365006e-01
3.741681135103657350e-09	8.313147215708753812e-01	2.518790860755397779e-02	6.751122207304265377e-01
3.741724346263324411e-09	8.313142759771243728e-01	2.518795215586478592e-02	6.751118872360940548e-01
2.518820254700683547e-02	6.751099516237960563e-01	3.741975619835947612e-09	8.313116841017788028e-01
2.518791956722760822e-02	6.751121514093632037e-01	3.741689871502364069e-09	8.313146332014469397e-01
3.741680655103483986e-09	8.313147280160866348e-01	2.518790948072971436e-02	6.751122230444560612e-01
2.518791939358756490e-02	6.751121445492868078e-01	3.741690930776894584e-09	8.313146208302076845e-01
2.518792151098497509e-02	6.751121228705689870e-01	3.741693828338459707e-09	8.313145907169731119e-01
2.518792677408941694e-02	6.751120798799379319e-01	3.741699460502268708e-09	8.313145313910497158e-01
2.518793644682185834e-02	6.751120116441172714e-01	3.741708144030707488e-09	8.313144448004572418e-01
2.518823090586030239e-02	6.751097342718314076e-01	3.742003830785785603e-09	8.313113928641062689e-01
2.518794537163226988e-02	6.751119468010531310e-01	3.741716525920840524e-09	8.313143579665521754e-01
2.518790364972457382e-02	6.751122599840994054e-01	3.741675992783479275e-09	8.313147749481293314e-01
2.518821079973069393e-02	6.751099000135032391e-01	3.741982123876884968e-09	8.313116192497546075e-01
3.741697614293147530e-09	8.313145509123408550e-01	2.518792571573960290e-02	6.751120935416062840e-01
3.741678667452902773e-09	8.313147473828126355e-01	2.518790593820169690e-02	6.751122393652789766e-01
3.741675860209517003e-09	8.313147745550270029e-01	2.518790371584970350e-02	6.751122613065815292e-01
3.741650066319412199e-09	8.313150444074303147e-01	2.518787949423730368e-02	6.751124581064991137e-01
3.741941401658690726e-09	8.313120390231291124e-01	2.518817059624005317e-02	6.751102137044707741e-01
3.741727438933385169e-09	8.313142461036640007e-01	2.518795644079482171e-02	6.751118624348825259e-01
3.741960255174066273e-09	8.313118425187556726e-01	2.518818725702689706e-02	6.751100702080782279e-01
3.741948600093111437e-09	8.313119640618938933e-01	2.518817711006031412e-02	6.751101589580168483e-01
3.741990483546667868e-09	8.313115322268498364e-01	2.518821923040851299e-02	6.751098357893918767e-01
3.741716224295191470e-09	8.313143618584480921e-01	2.518794559893875948e-02	6.751119487019076049e-01
3.741678285357356871e-09	8.313147509779089672e-01	2.518790507824229460e-02	6.751122428682327925e-01
3.741704771110805505e-09	8.313144769517046839e-01	2.518793177895655572e-02	6.751120389043026027e-01
3.741971401956354615e-09	8.313117294340137686e-01	2.518819989512973215e-02	6.751099830072341268e-01
3.741994106145905095e-09	8.313114960813362542e-01	2.518822295610435164e-02	6.751098073769516983e-01
2.518792072021444964e-02	6.751121412398055632e-01	3.741691252737368655e-09	8.313146180262525053e-01
2.518794743298745017e-02	6.751119289383424871e-01	3.741718881221988702e-09	8.313143336808949124e-01
2.518818982964053307e-02	6.751100552054811743e-01	3.741962125645949089e-09	8.313118233165648352e-01
2.518819823451952725e-02	6.751099847005569421e-01	3.741971395978325291e-09	8.313117272148971004e-01
2.518821766268006593e-02	6.751098508098554163e-01	3.741988455792296817e-09	8.313115538709280328e-01
2.518789443177325144e-02	6.751123376942984589e-01	3.741665846011527701e-09	8.313148796288850617e-01
2.518793198115043541e-02	6.751120365841123405e-01	3.741705060184605013e-09	8.313144741808669025e-01
2.518792988475222414e-02	6.751120537070006700e-01	3.741702834669724491e-09	8.313144971818663409e-01
2.518792916093767417e-02	6.751120621499610008e-01	3.741701637180094845e-09	8.313145114777367173e-01
2.518792879519143879e-02	6.751120684523211901e-01	3.741700851505555854e-09	8.313145184951313826e-01
3.741709444402147567e-09	8.313144320640980522e-01	2.518793834315140659e-02	6.751120006981428112e-01
3.741684119962386027e-09	8.313146934304289637e-01	2.518791273563398062e-02	6.751121958612097407e-01
3.741973232699873440e-09	8.313117076008612605e-01	2.518819965405413169e-02	6.751099707667473915e-01
3.741933833800419723e-09	8.313121168103394520e-01	2.518816323473758306e-02	6.751102718761509136e-01
3.741651893988335429e-09	8.313150259684660703e-01	2.518788196385587583e-02	6.751124432274175913e-01
3.741686763235087423e-09	8.313146670717285192e-01	2.518791744892676099e-02	6.751121740762500156e-01
3.741971306837449771e-09	8.313117295081351443e-01	2.518819930576495295e-02	6.751099840907869298e-01
3.741668401033418940e-09	8.313148537634663660e-01	2.518789574386836455e-02	6.751123183987985943e-01
3.741947114576796158e-09	8.313119785098167513e-01	2.518817517300086031e-02	6.751101708112203781e-01
3.742003830475937808e-09	8.313113937725687963e-01	2.518823122455851257e-02	6.751097338788903945e-01
3.741717590505624072e-09	8.313143457221859878e-01	2.518794602134259014e-02	6.751119391502908851e-01
3.741967913102084512e-09	8.313117644790504190e-01	2.518819513991567977e-02	6.751100107926085725e-01
2.518820331232468276e-02	6.751099563743365728e-01	3.741974905685979937e-09	8.313116919875007671e-01
2.518790954591356226e-02	6.751122224974533959e-01	3.741680770055760416e-09	8.313147256998993928e-01
3.741718740331828829e-09	8.313143354991457956e-01	2.518794674092218744e-02	6.751119299480147218e-01
3.741710880560938148e-09	8.313144158099641245e-01	2.518793817940712457e-02	6.751119908527885016e-01
2.518820580471719042e-02	6.751099391012729267e-01	3.741977056478038319e-09	8.313116716376683923e-01
2.518823592713480622e-02	6.751097051625987167e-01	3.742007457137072730e-09	8.313113562128022771e-01
2.518792899943516142e-02	6.751120729938990817e-01	3.741700093714813745e-09	8.313145282471270381e-01
2.518788231043263270e-02	6.751124226236382420e-01	3.741654922815082770e-09	8.313149921196398839e-01
3.741707116448570649e-09	8.313144548673476741e-01	2.518793538073274899e-02	6.751120195433329974e-01
3.741675184852448973e-09	8.313147853632977258e-01	2.518790412261158115e-02	6.751122645446668846e-01
3.741725796286555413e-09	8.313142594173618116e-01	2.518795288529263737e-02	6.751118774342267370e-01
3.741663873998743029e-09	8.313148995583540257e-01	2.518789192532988608e-02	6.751123531937718303e-01
3.741990763251841266e-09	8.313115277968196049e-01	2.518821856194791708e-02	6.751098347441386593e-01
3.741695960877223600e-09	8.313145706463400675e-01	2.518792598959086401e-02	6.751121043795292875e-01
3.741686231426865141e-09	8.313146706893426163e-01	2.518791494864472055e-02	6.751121802513401216e-01
3.741705070847346921e-09	8.313144752221659495e-01	2.518793328549803756e-02	6.751120355893681646e-01
3.742011894281452448e-09	8.313113107671189494e-01	2.518824001651843655e-02	6.751096711534897432e-01
3.741679739247355317e-09	8.313147369442364099e-01	2.518790877583311147e-02	6.751122301654889357e-01
3.741984615026084644e-09	8.313115914567212883e-01	2.518821337649050987e-02	6.751098816061641417e-01
3.741651510558003741e-09	8.313150294107161109e-01	2.518788048602131277e-02	6.751124470315883475e-01
3.741986933494219350e-09	8.313115689977569334e-01	2.518821516472596542e-02	6.751098632170249303e-01
3.741690930776894584e-09	8.313146208302076845e-01	2.518791939358756490e-02	6.751121445492868078e-01
3.741962062362855322e-09	8.313118241489259042e-01	2.518818944689639808e-02	6.751100554660410813e-01
3.741977147653498559e-09	8.313116679564341860e-01	2.518820448878112891e-02	6.751099399997805284e-01
2.518820087836652274e-02	6.751099740163120089e-01	3.741972591199514678e-09	8.313117164280277027e-01
2.518822766169987251e-02	6.751097677172218647e-01	3.741999342906631256e-09	8.313114401404853027e-01
2.518816115684890597e-02	6.751102710194940570e-01	3.741934211216527144e-09	8.313121105844265557e-01
2.518816381674129218e-02	6.751102608823886797e-01	3.741935366783234657e-09	8.313121011321286113e-01
2.518790942162922250e-02	6.751119578801126897e-01	3.741720224718906087e-09	8.313142739322799679e-01
2.518793655475942347e-02	6.751120133471014695e-01	3.741707878089125479e-09	8.313144474908106263e-01
3.741684821611781910e-09	8.313146826423524205e-01	2.518791129102350423e-02	6.751121929280992084e-01
3.741681688016583152e-09	8.313147165550150985e-01	2.518790995065406033e-02	6.751122157794030576e-01
3.741978073595232815e-09	8.313116591052862603e-01	2.518820643375345794e-02	6.751099317468783889e-01
3.741672914854308910e-09	8.313148057469968988e-01	2.518790063813848568e-02	6.751122841195263957e-01
3.741677749861614704e-09	8.313147581523215868e-01	2.518790659059296291e-02	6.751122453743508833e-01
3.741655394549795311e-09	8.313149884710963056e-01	2.518788443170820457e-02	6.751124173429368103e-01
3.741651397825605451e-09	8.313150291173285744e-01	2.518787985536924401e-02	6.751124486972370775e-01
3.741659162830354041e-09	8.313149502761358889e-01	2.518788920255530042e-02	6.751123879921605564e-01
3.742013330269954665e-09	8.313112956751462779e-01	2.518824160816912974e-02	6.751096600918898849e-01
3.741679558685187268e-09	8.313147382880176073e-01	2.518790768470433039e-02	6.751122325212191022e-01
3.741997002709829188e-09	8.313114639818088847e-01	2.518822386751072562e-02	6.751097870399341838e-01
3.741942250436878231e-09	8.313120292538989098e-01	2.518816946500603005e-02	6.751102085032959499e-01
3.741982818918699253e-09	8.313116104143959406e-01	2.518821074135150009e-02	6.751098956193868350e-01
3.741693709698786641e-09	8.313145939955262076e-01	2.518792246153544329e-02	6.751121222075304740e-01
3.741971418793361212e-09	8.313117273527007578e-01	2.518819773094102543e-02	6.751099844491713631e-01
3.742007496304944928e-09	8.313113573177383087e-01	2.518823584872764004e-02	6.751097047574089460e-01
2.518794014857532459e-02	6.751119866628297883e-01	3.741711330239864828e-09	8.313144119947156740e-01
3.741711274306896152e-09	8.313144115112521826e-01	2.518793920319169904e-02	6.751119876659527064e-01
2.518823026145600164e-02	6.751097404652109946e-01	3.742003002937458798e-09	8.313114019411891320e-01
2.518816310017512813e-02	6.751102519411040781e-01	3.741936736086821479e-09	8.313120847409198877e-01
2.518791861854099631e-02	6.751121533653885454e-01	3.741689674986374299e-09	8.313146353303908498e-01
3.741683103323033092e-09	8.313147007744113859e-01	2.518791044031764431e-02	6.751122056425267193e-01
3.741990947917348758e-09	8.313115268191940688e-01	2.518821963592902599e-02	6.751098324366739956e-01
3.741669250655576342e-09	8.313148458906541860e-01	2.518789899861196072e-02	6.751123102141044496e-01
3.741671423176206961e-09	8.313148219932543492e-01	2.518789919265583196e-02	6.751122947773205984e-01
3.741646934127615512e-09	8.313150747426363285e-01	2.518787576980582171e-02	6.751124831958358330e-01
3.741935282594614191e-09	8.313121025248227935e-01	2.518816416747640327e-02	6.751102608120687076e-01
3.741935440894034962e-09	8.313120987394964079e-01	2.518816284609195003e-02	6.751102611344124149e-01
3.741935692448385167e-09	8.313120973646261902e-01	2.518816468312380652e-02	6.751102581146589676e-01
3.742008531507613855e-09	8.313113458989180860e-01	2.518823700598652945e-02	6.751096969029840578e-01
3.741683466551702606e-09	8.313146975054307442e-01	2.518791116514684791e-02	6.751122022773412557e-01
3.741648599664428715e-09	8.313150590109102955e-01	2.518787762438826419e-02	6.751124696756645172e-01
3.741958556840707280e-09	8.313118612012035946e-01	2.518818623594785630e-02	6.751100825240844427e-01
3.741974300993449478e-09	8.313116995696840927e-01	2.518820269599553879e-02	6.751099609362641862e-01
3.741699670854367963e-09	8.313145304194844432e-01	2.518792711189883973e-02	6.751120777178961641e-01
3.741988746640125770e-09	8.313115503479298063e-01	2.518821784517655607e-02	6.751098488595517200e-01
3.741699802060879087e-09	8.313145305681851616e-01	2.518792877097193392e-02	6.751120753279815645e-01
2.518793960329292203e-02	6.751119860356336044e-01	3.741711432402484730e-09	8.313144111819208426e-01
2.518820451747499911e-02	6.751099463189783600e-01	3.741976183238579891e-09	8.313116798997617352e-01
2.518791498735542186e-02	6.751121717127080979e-01	3.741687508002449814e-09	8.313146555562744844e-01
2.518819023505144625e-02	6.751100578944974062e-01	3.741961660061734684e-09	8.313118297288900616e-01
2.518793501809978019e-02	6.751120194218928061e-01	3.741707221101940564e-09	8.313144530446628933e-01
3.741669178016310495e-09	8.313148438869394363e-01	2.518789664017848789e-02	6.751123131582777992e-01
3.741977955324374768e-09	8.313116579462296318e-01	2.518820366674347916e-02	6.751099351623762734e-01
3.741696341560840025e-09	8.313145659382122910e-01	2.518792463031048479e-02	6.751121023984238967e-01
3.741969441970159800e-09	8.313117485394964090e-01	2.518819704891607850e-02	6.751099991227574870e-01
3.741938819572845298e-09	8.313120662181430198e-01	2.518816841727575598e-02	6.751102329873359675e-01
3.741936244807047846e-09	8.313120921545761322e-01	2.518816494674274223e-02	6.751102537031807849e-01
3.741935123122637605e-09	8.313121061491811625e-01	2.518816446822211633e-02	6.751102612260718727e-01
3.741937784038141109e-09	8.313120768482229472e-01	2.518816692643584612e-02	6.751102413505702948e-01
3.741997863355927665e-09	8.313114548233402346e-01	2.518822497045831305e-02	6.751097802222170152e-01
3.741690889849161718e-09	8.313146204974349862e-01	2.518791905027627231e-02	6.751121452750756813e-01
3.741656423993187791e-09	8.313149751935641207e-01	2.518788354835576823e-02	6.751124114741137161e-01
3.741979071014866374e-09	8.313116492194099205e-01	2.518820706515127739e-02	6.751099240142691693e-01
3.741961748406348776e-09	8.313118266961344593e-01	2.518818788535472780e-02	6.751100591715032406e-01
3.741708104089142657e-09	8.313144430856393985e-01	2.518793556963301594e-02	6.751120128174569190e-01
3.741665922890482135e-09	8.313148802105871926e-01	2.518789483203223711e-02	6.751123364900182278e-01
3.741655174223184961e-09	8.313149903444250199e-01	2.518788373910562858e-02	6.751124194955071545e-01
3.741999245404444532e-09	8.313114383326869472e-01	2.518822582963508444e-02	6.751097704816154677e-01
3.742002811117943292e-09	8.313114042226580347e-01	2.518823037433081530e-02	6.751097414636331173e-01
2.518793360321812738e-02	6.751120311042976274e-01	3.741705659108759211e-09	8.313144690329177244e-01
2.518821602146386479e-02	6.751098550679103250e-01	3.741988039876875174e-09	8.313115566682662827e-01
2.518790318469028497e-02	6.751122686712595078e-01	3.741674708922375626e-09	8.313147906854378988e-01
2.518794043084533404e-02	6.751119796129920747e-01	3.741712353327281717e-09	8.313144007247934564e-01
2.518790566370533376e-02	6.751122360055791249e-01	3.741679260762177306e-09	8.313147394731632556e-01
3.741681790025203531e-09	8.313147156974834973e-01	2.518791047479160272e-02	6.751122145768339022e-01
3.741672064808263630e-09	8.313148147213452743e-01	2.518789971838238453e-02	6.751122904233829436e-01
3.741709977373618227e-09	8.313144259586769946e-01	2.518793871397498677e-02	6.751119970887806687e-01
3.741676404716317436e-09	8.313147729122318808e-01	2.518790586185419567e-02	6.751122549639062553e-01
3.741718637879014942e-09	8.313143352618767024e-01	2.518794603193519679e-02	6.751119313540573375e-01
3.741660692796811031e-09	8.313149343056550622e-01	2.518789066518212910e-02	6.751123759892541099e-01
3.741661194402267843e-09	8.313149296203570238e-01	2.518789009187195199e-02	6.751123726346395237e-01
3.741674936335265267e-09	8.313147885147306182e-01	2.518790411600450169e-02	6.751122663102535615e-01
3.741660523887649950e-09	8.313149356109105215e-01	2.518788911436679531e-02	6.751123781220819131e-01
3.741657284936640327e-09	8.313149678126424691e-01	2.518788509148384494e-02	6.751124040291565098e-01
3.741657764502468597e-09	8.313149621736424244e-01	2.518788555860522124e-02	6.751124003634269011e-01
3.741718675064912762e-09	8.313143365873727486e-01	2.518794712183844084e-02	6.751119304186058434e-01
3.741673630354843323e-09	8.313148008579389625e-01	2.518790222425277073e-02	6.751122771118825971e-01
3.742003590872277848e-09	8.313113962727023409e-01	2.518823159410972165e-02	6.751097354604654877e-01
3.741705255094070240e-09	8.313144732892414623e-01	2.518793335249755114e-02	6.751120342620265946e-01
3.741934912640259884e-09	8.313121054774463836e-01	2.518816340715921212e-02	6.751102644795647922e-01
3.741958509269697490e-09	8.313118632769717076e-01	2.518818711987775780e-02	6.751100819262797481e-01
3.741976571811866505e-09	8.313116741102083429e-01	2.518820362877158617e-02	6.751099444298015451e-01
3.741982000181881045e-09	8.313116189197681249e-01	2.518821076405182435e-02	6.751099011534313910e-01
2.518818398476762102e-02	6.751101106734295199e-01	3.741954756199097636e-09	8.313119018721910614e-01
2.518821084257491169e-02	6.751098923385500106e-01	3.741983188627166677e-09	8.313116068598188635e-01
2.518820755413112011e-02	6.751099142522457575e-01	3.741980449221728173e-09	8.313116346186267824e-01
2.518792958254734149e-02	6.751120682502307346e-01	3.741700736454697693e-09	8.313145208305390277e-01
3.741693303339191181e-09	8.313145975222402395e-01	2.518792145690876630e-02	6.751121259069694513e-01
3.741997311018947872e-09	8.313114622029864620e-01	2.518822550690240011e-02	6.751097831983590147e-01
3.741997473937375789e-09	8.313114596104096421e-01	2.518822545402425034e-02	6.751097824243331713e-01
3.742015211074866025e-09	8.313112783858708221e-01	2.518824420731356414e-02	6.751096444398237972e-01
3.741694280238919715e-09	8.313145864435468324e-01	2.518792171745221770e-02	6.751121191914913888e-01
3.741669827917830715e-09	8.313148383645355688e-01	2.518789798957936366e-02	6.751123072130852387e-01
3.741690193617879911e-09	8.313146274509252143e-01	2.518791764707193140e-02	6.751121508298468799e-01
3.741668722145039440e-09	8.313148506889749267e-01	2.518789697448205883e-02	6.751123151812005174e-01
3.741725727322237134e-09	8.313142626337626240e-01	2.518795459666927153e-02	6.751118761498108301e-01
3.741668230877991153e-09	8.313148561452460283e-01	2.518789659230202468e-02	6.751123190493585335e-01
3.741678546530281527e-09	8.313147480377762744e-01	2.518790550982047752e-02	6.751122409287910742e-01
3.741979740611865516e-09	8.313116410538458068e-01	2.518820703733877162e-02	6.751099197808565489e-01
3.741956797562868646e-09	8.313118779874687503e-01	2.518818337688292358e-02	6.751100972066625960e-01
3.741716409768770048e-09	8.313143595606646841e-01	2.518794525132688963e-02	6.751119476613764991e-01
3.741702801169775741e-09	8.313145000369411841e-01	2.518793155270339368e-02	6.751120523536164875e-01
3.741935453636708457e-09	8.313120989956700457e-01	2.518816323822243436e-02	6.751102610414352334e-01
3.741714658084845657e-09	8.313143755504657229e-01	2.518794183086072586e-02	6.751119624802621733e-01
3.741963702278446365e-09	8.313118083445421025e-01	2.518819278596647407e-02	6.751100420532517576e-01
3.741674638562024627e-09	8.313147903212884104e-01	2.518790329765416974e-02	6.751122693734417091e-01
3.741983506786603559e-09	8.313116046715371965e-01	2.518821251904607497e-02	6.751098889007978165e-01
3.741665900495499282e-09	8.313148808379635657e-01	2.518789450538112470e-02	6.751123364442005448e-01
2.518792210417900024e-02	6.751121166114872896e-01	3.741694529402748556e-09	8.313145852748236031e-01
2.518789925898181140e-02	6.751123022371373628e-01	3.741670349340822740e-09	8.313148342393597012e-01
3.741965978916978146e-09	8.313117866569791348e-01	2.518819526175558599e-02	6.751100237891459743e-01
3.741955113529294403e-09	8.313118976004613137e-01	2.518818366548478127e-02	6.751101083636807942e-01
3.741720408782923407e-09	8.313143194032234229e-01	2.518795072977646210e-02	6.751119154930803612e-01
3.741953969087702080e-09	8.313119088507717747e-01	2.518818143654484240e-02	6.751101177897864680e-01
3.742010781378341132e-09	8.313113223785695283e-01	2.518823835513579398e-02	6.751096801730585018e-01
3.741698858929345704e-09	8.313145395431201790e-01	2.518792744952117260e-02	6.751120834430563988e-01
3.741706336894703315e-09	8.313144610175522420e-01	2.518793368017884296e-02	6.751120268529722246e-01
3.741708346347470049e-09	8.313144420575627747e-01	2.518793707730092313e-02	6.751120099277654329e-01
3.741952324921774155e-09	8.313119265630083410e-01	2.518818117638889006e-02	6.751101299070478845e-01
3.741683899445399232e-09	8.313146948868197494e-01	2.518791238440489660e-02	6.751121982157956003e-01
3.741713068202693407e-09	8.313143922105490358e-01	2.518794072618521160e-02	6.751119746359132145e-01
3.741655913855573064e-09	8.313149833532437194e-01	2.518788483510404214e-02	6.751124133119202897e-01
3.741689049677707932e-09	8.313146413429566284e-01	2.518791768324188038e-02	6.751121586400864460e-01
3.741676321705260536e-09	8.313147733365828795e-01	2.518790503064637781e-02	6.751122562216151923e-01
3.741701560828910593e-09	8.313145121202892840e-01	2.518792998652652146e-02	6.751120623618052097e-01
3.741719918515050570e-09	8.313142790444455477e-01	2.518791014513645232e-02	6.751119586012663820e-01
3.741711357655585017e-09	8.313144120259574610e-01	2.518794014883462759e-02	6.751119862227679125e-01
3.741711939750471719e-09	8.313144043823390561e-01	2.518794045257342906e-02	6.751119823971550860e-01
3.741980552413273077e-09	8.313116333728981511e-01	2.518820752361883297e-02	6.751099134817514225e-01
3.741694356445732826e-09	8.313145843514333500e-01	2.518792166244920860e-02	6.751121190750795087e-01
2.518788670236466604e-02	6.751124035660063250e-01	3.741657136228695569e-09	8.313149711844155521e-01
2.518816320623819272e-02	6.751102547789533670e-01	3.741936301744431334e-09	8.313120896649073277e-01
3.741663442613903249e-09	8.313149066806422294e-01	2.518789230986675023e-02	6.751123551840313430e-01
3.741680103387706079e-09	8.313147332949606394e-01	2.518790805294619448e-02	6.751122278395272902e-01
3.742013360353469642e-09	8.313112962302832143e-01	2.518824225728297922e-02	6.751096593182058792e-01
3.741996486920574063e-09	8.313114703892027224e-01	2.518822547231621550e-02	6.751097893489239610e-01
3.741655529928506184e-09	8.313149887582982345e-01	2.518788518504081614e-02	6.751124153450025478e-01
3.741947713622441680e-09	8.313119742391460454e-01	2.518817691389200683e-02	6.751101650533515297e-01
3.741723420835479420e-09	8.313142879601483903e-01	2.518795269178217625e-02	6.751118927967360017e-01
3.741652542094142491e-09	8.313150193853803271e-01	2.518788266431019190e-02	6.751124383028009879e-01
3.742005607371137783e-09	8.313113754154005663e-01	2.518823384798483597e-02	6.751097200834089707e-01
3.741706743474026897e-09	8.313144578461850731e-01	2.518793431285004658e-02	6.751120231234748470e-01
3.741721594306295269e-09	8.313143045068500658e-01	2.518794940024004017e-02	6.751119085761679850e-01
3.741976106696373993e-09	8.313116778822524644e-01	2.518820303264401525e-02	6.751099485785383436e-01
3.741956064407006955e-09	8.313118888749608804e-01	2.518818458746741734e-02	6.751101004676316464e-01
3.741982055884979538e-09	8.313116190903456770e-01	2.518820949236098838e-02	6.751099012731656135e-01
3.741700887380336007e-09	8.313145194803448490e-01	2.518792925689434387e-02	6.751120672968274894e-01
3.741715175504161922e-09	8.313143717370160557e-01	2.518794320272044890e-02	6.751119576807974587e-01
3.741697422776146864e-09	8.313145554794592051e-01	2.518792631438429228e-02	6.751120936843335585e-01
3.741679661427649199e-09	8.313147394306171778e-01	2.518790871059318343e-02	6.751122304575368771e-01
3.741700840373179672e-09	8.313145219278467168e-01	2.518793061108985307e-02	6.751120663398132438e-01
3.741670352870529800e-09	8.313148342363949617e-01	2.518789841374198535e-02	6.751123029318886193e-01
3.741936647468077251e-09	8.313120876590336383e-01	2.518816450966095827e-02	6.751102510098326848e-01
2.518822047436573841e-02	6.751098201390899334e-01	3.741992541101990653e-09	8.313115106289162837e-01
